Date,Open,High,Low,Close*,Adj Close**,Volume,neu,pos,neg,compound
2019-12-30,28.59,28.6,27.28,27.65,27.65,189018975.0,0.741,0.259,0.0,0.6808
2019-12-27,29.0,29.02,28.41,28.69,28.69,149352405.0,0.6705,0.2575,0.072,0.43445
2019-12-24,27.89,28.36,27.51,28.35,28.35,120820800.0,0.8454999999999999,0.1085,0.046,0.2523
2019-12-17,25.27,25.7,25.06,25.27,25.27,127556625.0,0.769,0.231,0.0,0.7102
2019-12-16,24.17,25.57,24.17,25.43,25.43,273314100.0,1.0,0.0,0.0,0.0
2019-12-12,23.66,24.18,23.55,23.98,23.98,116643165.0,0.7355,0.2645,0.0,0.57955
2019-12-11,23.46,23.81,23.41,23.51,23.51,103787430.0,0.694,0.0,0.306,-0.296
2019-12-09,22.44,22.96,22.34,22.64,22.64,135603255.0,0.775,0.225,0.0,0.4939
2019-12-06,22.33,22.59,22.32,22.39,22.39,114284055.0,1.0,0.0,0.0,0.0
2019-12-04,22.52,22.52,22.19,22.2,22.2,83043825.0,0.76,0.152,0.088,0.3818
2019-12-02,21.96,22.43,21.91,22.32,22.32,91229790.0,0.812,0.188,0.0,0.4588
2019-11-25,22.95,22.97,22.3,22.42,22.42,185186475.0,0.866,0.105,0.028,0.6249
2019-11-22,22.68,22.73,22.0,22.2,22.2,253059630.0,0.8665,0.0905,0.043,0.3359
2019-11-21,23.63,24.06,23.6,23.66,23.66,91650195.0,0.819,0.181,0.0,0.6369
2019-11-15,23.38,23.52,23.22,23.48,23.48,72188445.0,0.711,0.063,0.226,-0.7351
2019-11-13,23.67,23.76,23.01,23.07,23.07,127017945.0,0.53,0.47,0.0,0.7351
2019-11-12,23.13,23.36,22.94,23.33,23.33,110390745.0,1.0,0.0,0.0,0.0
2019-11-11,22.93,23.28,22.8,23.01,23.01,149905335.0,0.72,0.28,0.0,0.8658
2019-11-07,21.94,22.77,21.87,22.37,22.37,217010220.0,0.718,0.282,0.0,0.7806
2019-11-01,21.09,21.1,20.65,20.89,20.89,95758935.0,0.699,0.0,0.301,-0.6486
2019-10-30,20.87,21.25,20.66,21.0,21.0,144627150.0,1.0,0.0,0.0,0.0
2019-10-29,21.33,21.62,20.98,21.08,21.08,190264005.0,0.855,0.09766666666666667,0.04733333333333333,0.07939999999999998
2019-10-25,19.85,22.0,19.74,21.88,21.88,450091365.0,0.601,0.3146666666666667,0.08466666666666667,0.5005000000000001
2019-10-24,19.89,20.33,19.28,19.98,19.98,447288465.0,0.423,0.345,0.232,0.1531
2019-10-23,16.97,17.08,16.76,16.98,16.98,168242730.0,1.0,0.0,0.0,0.0
2019-10-22,16.95,17.22,16.72,17.04,17.04,69376425.0,0.724,0.0,0.276,-0.28545
2019-10-21,17.22,17.3,16.68,16.9,16.9,76621515.0,1.0,0.0,0.0,0.0
2019-10-18,17.38,17.52,17.01,17.13,17.13,86304990.0,1.0,0.0,0.0,0.0
2019-10-16,17.16,17.47,17.13,17.32,17.32,100564545.0,1.0,0.0,0.0,0.0
2019-10-07,15.32,15.9,15.24,15.85,15.85,121304355.0,0.692,0.0,0.308,-0.8658
2019-10-04,15.44,15.65,15.2,15.43,15.43,120317700.0,0.719,0.281,0.0,0.5106
2019-10-03,15.46,15.63,14.95,15.54,15.54,227066445.0,1.0,0.0,0.0,0.0
2019-10-02,16.22,16.31,15.96,16.21,16.21,93848220.0,0.617,0.154,0.228,-0.296
2019-09-26,15.38,16.22,15.16,16.17,16.17,181181775.0,0.617,0.0,0.383,-0.4767
2019-09-25,14.97,15.27,14.56,15.25,15.25,141664290.0,0.815,0.0,0.185,-0.6486
2019-09-23,16.0,16.35,15.95,16.08,16.08,65874450.0,0.674,0.326,0.0,0.4404
2019-09-20,16.43,16.46,15.88,16.04,16.04,97593960.0,1.0,0.0,0.0,0.0
2019-09-19,16.4,16.53,16.32,16.44,16.44,73247025.0,0.61,0.39,0.0,0.9136
2019-09-10,15.39,15.7,15.26,15.7,15.7,73255710.0,1.0,0.0,0.0,0.0
2019-09-09,15.33,15.58,15.28,15.45,15.45,72040035.0,0.551,0.449,0.0,0.8625
2019-09-05,14.83,15.32,14.72,15.31,15.31,111049830.0,0.8905000000000001,0.10950000000000001,0.0,0.23775000000000002
2019-08-27,14.38,14.59,14.14,14.27,14.27,81310905.0,0.9495,0.0505,0.0,0.20095
2019-08-23,14.66,14.74,14.07,14.09,14.09,128395560.0,0.839,0.09,0.071,0.1531
2019-08-19,14.95,15.19,14.78,15.12,15.12,79676220.0,1.0,0.0,0.0,0.0
2019-08-12,15.53,15.72,15.25,15.27,15.27,69959055.0,0.915,0.085,0.0,0.3818
2019-08-02,15.42,15.75,15.28,15.62,15.62,92047215.0,0.563,0.1395,0.29800000000000004,-0.21315
2019-08-01,16.18,16.3,15.45,15.59,15.59,123892740.0,0.9085,0.0625,0.029,0.20095
2019-07-24,17.28,17.74,17.21,17.66,17.66,166092525.0,1.0,0.0,0.0,0.0
2019-07-23,17.11,17.37,16.97,17.34,17.34,75346815.0,0.7815000000000001,0.14600000000000002,0.072,0.04185
2019-07-22,17.25,17.48,16.95,17.05,17.05,102694095.0,0.825,0.0,0.175,-0.5267
2019-07-19,17.05,17.33,16.97,17.21,17.21,105726150.0,0.735,0.265,0.0,0.6597
2019-07-17,17.04,17.22,16.89,16.99,16.99,146470905.0,0.5349999999999999,0.25,0.215,-0.05415000000000003
2019-07-16,16.62,16.9,16.53,16.83,16.83,122234835.0,0.784,0.216,0.0,0.8442
2019-07-15,16.53,16.96,16.32,16.9,16.9,165001380.0,1.0,0.0,0.0,0.0
2019-07-12,15.98,16.36,15.98,16.34,16.34,138007815.0,0.935,0.065,0.0,0.20095
2019-07-10,15.61,15.93,15.54,15.93,15.93,137186040.0,0.768,0.1485,0.083,0.057749999999999996
2019-07-09,15.26,15.4,15.15,15.34,15.34,92862525.0,0.744,0.2015,0.0545,0.24805
2019-07-03,15.96,16.1,15.63,15.66,15.66,213017220.0,0.586,0.0,0.414,-0.836
2019-06-26,14.69,15.15,14.54,14.62,14.62,127608120.0,0.896,0.104,0.0,0.4215
2019-06-19,15.01,15.18,14.74,15.1,15.1,98627025.0,0.764,0.236,0.0,0.42605000000000004
2019-06-14,14.08,14.44,14.03,14.33,14.33,111501030.0,1.0,0.0,0.0,0.0
2019-06-12,14.86,14.89,13.93,13.95,13.95,227963160.0,0.588,0.412,0.0,0.6486
2019-06-11,14.61,14.73,14.23,14.47,14.47,174803055.0,0.406,0.35,0.244,0.4019
2019-06-10,14.02,14.46,13.93,14.19,14.19,158775585.0,0.656,0.344,0.0,0.6369
2019-06-06,13.63,14.07,13.45,13.73,13.73,303632265.0,1.0,0.0,0.0,0.0
2019-06-04,12.07,12.93,11.97,12.91,12.91,207112830.0,0.473,0.195,0.331,-0.3818
2019-06-03,12.37,12.45,11.8,11.93,11.93,195966150.0,0.745,0.0,0.255,-0.5859
2019-05-30,12.58,12.82,12.47,12.55,12.55,118897125.0,0.571,0.155,0.273,-0.2263
2019-05-29,12.47,12.83,12.34,12.66,12.66,179529570.0,1.0,0.0,0.0,0.0
2019-05-24,13.32,13.33,12.58,12.71,12.71,212048580.0,0.636,0.225,0.139,0.33515
2019-05-17,14.8,14.82,13.93,14.07,14.07,266799990.0,0.7975,0.116,0.0865,0.23835
2019-05-16,15.3,15.4,15.1,15.22,15.22,112249095.0,0.746,0.254,0.0,0.29969999999999997
2019-05-15,15.29,15.5,15.02,15.46,15.46,109439640.0,0.6276666666666667,0.3606666666666667,0.011666666666666667,0.5736333333333333
2019-05-10,15.98,16.13,15.73,15.97,15.97,105125040.0,0.6813333333333333,0.2996666666666667,0.019333333333333334,0.5836666666666667
2019-05-09,16.13,16.25,15.8,16.13,16.13,100670730.0,0.872,0.081,0.047,0.25
2019-05-06,16.67,17.22,16.57,17.02,17.02,162509145.0,0.533,0.467,0.0,0.7184
2019-05-03,16.26,17.11,16.23,17.0,17.0,355601565.0,0.469,0.531,0.0,0.5267
2019-05-02,16.37,16.48,15.85,16.27,16.27,272390085.0,0.8608,0.122,0.0172,0.25932
2019-05-01,15.92,16.0,15.43,15.6,15.6,160565310.0,0.8725,0.0,0.1275,-0.17
2019-04-29,15.72,16.27,15.48,16.1,16.1,250717140.0,0.566,0.262,0.172,0.6705
2019-04-26,16.43,16.45,15.41,15.68,15.68,335410635.0,0.52,0.315,0.165,0.5994
2019-04-25,17.0,17.27,16.4,16.51,16.51,327740895.0,0.561,0.26,0.179,0.1891
2019-04-24,17.59,17.69,17.2,17.24,17.24,160911810.0,1.0,0.0,0.0,0.0
2019-04-23,17.34,17.71,17.05,17.59,17.59,164157885.0,0.468,0.532,0.0,0.8885
2019-04-22,17.93,17.98,17.5,17.52,17.52,182207115.0,0.909,0.091,0.0,0.1779
2019-04-17,18.32,18.32,17.9,18.08,18.08,76897020.0,0.797,0.203,0.0,0.4215
2019-04-12,18.01,18.13,17.79,17.85,17.85,101189610.0,0.698,0.302,0.0,0.0772
2019-04-11,17.89,18.03,17.71,17.89,17.89,147538905.0,0.496,0.182,0.322,-0.4019
2019-04-05,17.99,18.41,17.74,18.33,18.33,195573855.0,0.887,0.113,0.0,0.1335
2019-04-04,17.46,18.08,17.37,17.85,17.85,355810935.0,0.667,0.333,0.0,0.7184
2019-04-03,19.15,19.74,19.14,19.45,19.45,118947960.0,1.0,0.0,0.0,0.0
2019-03-28,18.48,18.69,18.34,18.57,18.57,101611395.0,0.689,0.152,0.16,-0.0772
2019-03-26,17.63,18.02,17.63,17.85,17.85,110264220.0,0.507,0.116,0.377,-0.7351
2019-03-25,17.31,17.55,16.96,17.36,17.36,153225435.0,0.487,0.226,0.287,0.18155000000000002
2019-03-22,18.17,18.19,17.6,17.64,17.64,131184135.0,0.5599999999999999,0.39799999999999996,0.042,0.5823333333333333
2019-03-21,18.17,18.43,17.9,18.27,18.27,89206470.0,0.74725,0.2305,0.022,0.5758000000000001
2019-03-20,17.98,18.33,17.75,18.24,18.24,103623360.0,0.9359999999999999,0.0,0.064,-0.148
2019-03-18,18.4,18.54,17.82,17.97,17.97,154214700.0,0.639,0.361,0.0,0.8625
2019-03-15,18.9,18.91,18.29,18.36,18.36,221782965.0,0.788,0.212,0.0,0.47725
2019-03-14,19.5,19.69,19.22,19.33,19.33,106551705.0,0.676,0.324,0.0,0.34
2019-03-12,19.1,19.2,18.74,18.89,18.89,112562055.0,0.719,0.217,0.064,0.8402
2019-03-11,18.9,19.42,18.7,19.39,19.39,110884170.0,0.405,0.0,0.595,-0.8834
2019-03-04,19.87,19.93,18.85,19.02,19.02,256452270.0,1.0,0.0,0.0,0.0
2019-02-28,21.26,21.33,20.72,21.33,21.33,157809795.0,0.531,0.0,0.469,-0.891
2019-02-26,19.48,20.13,19.25,19.86,19.86,128738025.0,0.758,0.242,0.0,0.8807
2019-02-21,20.12,20.22,19.37,19.42,19.42,133637730.0,0.7909999999999999,0.088,0.121,-0.08635
2019-02-20,20.29,20.42,19.93,20.17,20.17,107131755.0,0.631,0.369,0.0,0.6249
2019-02-13,20.82,20.85,20.37,20.54,20.54,77124255.0,0.653,0.17,0.176,0.4215
2019-02-12,21.08,21.21,20.64,20.79,20.79,82763550.0,0.325,0.675,0.0,0.8555
2019-02-08,20.46,20.5,19.9,20.39,20.39,87663180.0,0.712,0.1905,0.0975,0.26335
2019-02-05,20.83,21.5,20.82,21.42,21.42,101141475.0,0.256,0.744,0.0,0.4404
2019-02-01,20.36,21.07,20.23,20.81,20.81,109251615.0,0.369,0.25,0.381,-0.2799
2019-01-30,20.03,20.6,19.9,20.58,20.58,168754770.0,0.405,0.595,0.0,0.8519
2019-01-29,19.68,19.9,19.45,19.83,19.83,69325380.0,0.704,0.0,0.296,-0.6369
2019-01-23,19.5,19.63,18.78,19.17,19.17,187949895.0,0.783,0.145,0.072,0.296
2019-01-22,20.32,20.53,19.7,19.93,19.93,181001115.0,0.833,0.0,0.167,-0.296
2019-01-18,21.53,21.81,19.98,20.15,20.15,362261445.0,0.736,0.123,0.141,-0.0772
2019-01-17,23.08,23.43,22.94,23.15,23.15,55150995.0,0.743,0.257,0.0,0.8957
2019-01-16,22.99,23.47,22.9,23.07,23.07,70376085.0,1.0,0.0,0.0,0.0
2019-01-15,22.33,23.25,22.3,22.96,22.96,90848850.0,0.724,0.227,0.049,0.6597
2019-01-14,22.83,22.83,22.27,22.29,22.29,78709260.0,1.0,0.0,0.0,0.0
2019-01-03,20.47,20.63,19.83,20.02,20.02,104477760.0,0.7115,0.045,0.243,-0.64585
2019-01-02,20.41,21.01,19.92,20.67,20.67,174879720.0,0.7985,0.2015,0.0,0.32985
2018-12-28,21.54,22.42,21.23,22.26,22.26,149084880.0,0.872,0.128,0.0,0.4215
2018-12-27,21.32,21.48,20.1,21.08,21.08,128626995.0,0.938,0.0,0.062,-0.17
2018-12-21,21.16,21.56,20.83,21.32,21.32,120252015.0,0.8415,0.09,0.0685,0.08895
2018-12-20,21.8,22.02,20.79,21.03,21.03,136077870.0,0.777,0.223,0.0,0.3182
2018-12-19,22.51,23.13,21.98,22.2,22.2,124112715.0,0.414,0.372,0.214,0.3182
2018-12-17,24.13,24.38,22.93,23.23,23.23,115110120.0,0.878,0.0,0.122,-0.2023
2018-12-11,24.66,24.81,24.02,24.45,24.45,94631535.0,0.476,0.524,0.0,0.6705
2018-12-10,24.0,24.4,23.54,24.34,24.34,99201825.0,0.9153333333333333,0.0,0.08466666666666667,-0.0593
2018-12-07,24.6,25.3,23.84,23.86,23.86,172667655.0,1.0,0.0,0.0,0.0
2018-12-06,23.73,24.49,23.38,24.2,24.2,117637620.0,1.0,0.0,0.0,0.0
2018-12-04,23.74,24.58,23.47,23.98,23.98,126929175.0,0.423,0.577,0.0,0.6249
2018-11-28,23.07,23.22,22.81,23.19,23.19,61913670.0,0.426,0.111,0.463,-0.9423
2018-11-27,22.67,23.13,22.37,22.93,22.93,95374500.0,0.8863333333333333,0.0,0.11366666666666668,-0.1589
2018-11-19,23.76,24.45,23.53,23.56,23.56,145633065.0,1.0,0.0,0.0,0.0
2018-11-13,22.21,22.98,22.15,22.58,22.58,81728955.0,0.714,0.286,0.0,0.4939
2018-11-08,23.23,23.84,23.23,23.43,23.43,106360110.0,0.671,0.0,0.329,-0.6597
2018-11-06,22.6,23.25,22.41,22.74,22.74,101443335.0,0.857,0.0,0.143,-0.24695
2018-10-31,22.17,22.8,21.94,22.49,22.49,114365220.0,0.375,0.625,0.0,0.8402
2018-10-30,21.89,22.53,21.48,21.99,21.99,136900560.0,0.633,0.367,0.0,0.4404
2018-10-29,22.5,23.14,21.77,22.32,22.32,217290405.0,1.0,0.0,0.0,0.0
2018-10-24,20.07,20.3,19.05,19.23,19.23,300873870.0,0.9025000000000001,0.0975,0.0,0.31245
2018-10-22,17.38,17.46,16.84,17.4,17.4,84003900.0,0.9565,0.0435,0.0,0.2294
2018-10-12,17.4,17.47,16.8,17.25,17.25,108021060.0,0.444,0.3,0.256,0.1027
2018-10-11,17.17,17.48,16.6,16.82,16.82,122516070.0,0.939,0.0,0.061,-0.34
2018-10-10,17.64,17.7,16.52,17.13,17.13,192229170.0,0.776,0.04,0.184,-0.18440000000000004
2018-10-08,17.63,17.85,16.6,16.7,16.7,202089795.0,0.49,0.0485,0.4615,-0.6563000000000001
2018-10-05,18.31,18.33,17.33,17.46,17.46,269168055.0,1.0,0.0,0.0,0.0
2018-10-04,19.6,19.6,18.51,18.79,18.79,147213180.0,0.778,0.0,0.222,-0.07655
2018-10-01,20.38,20.76,20.07,20.71,20.71,326663955.0,0.485,0.248,0.267,-0.1027
2018-09-27,20.86,21.0,20.46,20.5,20.5,127636260.0,1.0,0.0,0.0,0.0
2018-09-26,20.13,20.93,20.07,20.64,20.64,117648240.0,1.0,0.0,0.0,0.0
2018-09-24,19.9,20.2,19.57,19.98,19.98,72644415.0,0.891,0.109,0.0,0.5859
2018-09-21,19.85,20.04,19.69,19.94,19.94,75757170.0,0.875,0.0,0.125,-0.25
2018-09-20,20.24,20.4,19.56,19.89,19.89,110241330.0,0.734,0.266,0.0,0.44425
2018-09-19,18.7,20.0,18.7,19.93,19.93,124423755.0,0.547,0.097,0.356,-0.5908
2018-09-18,19.78,20.18,18.37,19.0,19.0,248212830.0,1.0,0.0,0.0,0.0
2018-09-17,19.34,20.06,19.21,19.66,19.66,103313655.0,0.829,0.0,0.171,-0.5423
2018-09-12,18.76,19.5,18.58,19.37,19.37,150231405.0,0.778,0.222,0.0,0.17
2018-09-10,18.22,19.07,18.07,19.03,19.03,214252920.0,1.0,0.0,0.0,0.0
2018-09-07,17.34,17.89,16.82,17.55,17.55,337378965.0,0.818,0.182,0.0,0.4404
2018-09-06,18.99,19.41,18.59,18.73,18.73,112211400.0,0.7835,0.14,0.076,0.1909
2018-09-04,19.8,19.88,19.2,19.26,19.26,125257035.0,0.7789999999999999,0.1165,0.1045,-0.16929999999999998
2018-08-31,20.13,20.35,19.91,20.11,20.11,80626560.0,0.616,0.24,0.144,0.1027
2018-08-30,20.15,20.31,19.85,20.21,20.21,108250590.0,0.769,0.231,0.0,0.34
2018-08-28,21.23,21.26,20.75,20.79,20.79,114736365.0,0.6515,0.3485,0.0,0.1591
2018-08-27,21.2,21.5,20.59,21.28,21.28,196189320.0,0.929,0.0,0.071,-0.25
2018-08-24,21.38,21.59,21.29,21.52,21.52,54038460.0,1.0,0.0,0.0,0.0
2018-08-20,19.45,20.57,19.21,20.56,20.56,261035025.0,0.574,0.363,0.063,0.9001
2018-08-17,21.57,21.78,20.24,20.37,20.37,284379180.0,0.644,0.166,0.19,-0.1779
2018-08-16,22.66,22.82,22.25,22.36,22.36,90960495.0,0.7965,0.2035,0.0,0.46855
2018-08-15,22.79,22.97,22.14,22.58,22.58,136518870.0,0.647,0.144,0.209,-0.4215
2018-08-07,22.92,25.83,22.61,25.3,25.3,463136520.0,0.7160000000000001,0.28400000000000003,0.0,0.5377000000000001
2018-08-02,21.9,23.33,21.54,23.3,23.3,348224430.0,0.8320000000000001,0.168,0.0,0.43125
2018-08-01,19.87,20.2,19.53,20.06,20.06,151941450.0,0.763,0.237,0.0,0.7351
2018-07-31,19.48,19.89,19.27,19.88,19.88,76153740.0,0.7665,0.23349999999999999,0.0,0.4802
2018-07-30,19.73,19.74,19.08,19.34,19.34,102211080.0,0.773,0.0,0.227,-0.6124
2018-07-27,20.48,20.51,19.69,19.81,19.81,85549890.0,0.906,0.094,0.0,0.2294
2018-07-26,20.32,20.71,20.24,20.44,20.44,69457830.0,0.5655,0.4345,0.0,0.48424999999999996
2018-07-25,19.78,20.64,19.63,20.58,20.58,106412700.0,0.179,0.589,0.232,0.6124
2018-07-24,20.29,20.51,19.5,19.83,19.83,143861760.0,0.695,0.305,0.0,0.7845
2018-07-18,21.67,21.7,21.08,21.59,21.59,84363165.0,1.0,0.0,0.0,0.0
2018-07-16,20.78,21.01,20.42,20.67,20.67,117279825.0,0.883,0.058,0.059,-0.0082
2018-07-13,21.04,21.31,20.62,21.26,21.26,88136550.0,0.444,0.278,0.278,0.0
2018-07-11,21.05,21.46,21.0,21.26,21.26,73261140.0,0.891,0.109,0.0,0.4019
2018-06-29,23.56,23.59,22.83,22.86,22.86,97385940.0,0.718,0.174,0.108,0.0772
2018-06-28,23.24,23.8,23.07,23.33,23.33,125970075.0,0.8865000000000001,0.053,0.0605,-0.0386
2018-06-25,22.01,22.56,21.83,22.2,22.2,103969560.0,0.76,0.116,0.123,0.1808
2018-06-19,24.34,24.67,23.08,23.5,23.5,191428545.0,0.59,0.226,0.185,0.3818
2018-06-14,23.18,23.92,23.11,23.85,23.85,164715345.0,1.0,0.0,0.0,0.0
2018-06-13,23.11,23.15,22.65,22.99,22.99,142047060.0,1.0,0.0,0.0,0.0
2018-06-11,21.5,22.31,21.5,22.14,22.14,197752095.0,0.851,0.149,0.0,0.6705
2018-06-07,21.08,22.0,20.91,21.07,21.07,215179065.0,0.857,0.0,0.143,-0.21075
2018-06-05,19.85,19.85,19.12,19.41,19.41,89927355.0,0.753,0.247,0.0,0.4467
2018-05-31,19.15,19.36,18.86,18.98,18.98,88211940.0,0.8353333333333334,0.16466666666666666,0.0,0.3749
2018-05-30,18.89,19.67,18.77,19.45,19.45,111425280.0,1.0,0.0,0.0,0.0
2018-05-24,18.56,18.74,18.33,18.52,18.52,62858985.0,1.0,0.0,0.0,0.0
2018-05-09,20.03,20.47,20.0,20.46,20.46,85910475.0,0.51,0.49,0.0,0.7717
2018-05-07,19.83,20.4,19.68,20.18,20.18,130173360.0,0.732,0.222,0.046,0.44394999999999996
2018-05-04,18.87,19.79,18.63,19.61,19.61,128540310.0,0.568,0.432,0.0,0.872
2018-05-02,19.9,20.46,19.85,20.08,20.08,134555550.0,0.439,0.561,0.0,0.7506
2018-05-01,19.57,20.05,19.55,19.99,19.99,69384045.0,0.708,0.0,0.292,-0.5106
2018-04-30,19.57,19.92,19.5,19.59,19.59,63422580.0,1.0,0.0,0.0,0.0
2018-04-27,19.02,19.63,18.92,19.6,19.6,65469390.0,0.8075,0.0655,0.127,-0.1909
2018-04-19,19.41,20.07,19.24,20.01,20.01,91358985.0,0.714,0.0,0.286,-0.6808
2018-04-06,20.07,20.62,19.7,19.95,19.95,202804290.0,0.468,0.532,0.0,0.8885
2018-04-02,17.08,17.36,16.31,16.83,16.83,241709520.0,0.566,0.434,0.0,0.7096
2018-03-29,17.1,18.06,16.55,17.74,17.74,227561235.0,0.652,0.348,0.0,0.8625
2018-03-28,17.64,17.91,16.81,17.19,17.19,315021555.0,1.0,0.0,0.0,0.0
2018-03-27,20.27,20.28,18.48,18.61,18.61,208080435.0,0.59,0.354,0.056,0.8625
2018-03-26,20.49,20.51,19.42,20.28,20.28,125627625.0,1.0,0.0,0.0,0.0
2018-03-23,20.75,20.77,20.03,20.1,20.1,99823485.0,1.0,0.0,0.0,0.0
2018-03-21,20.68,21.5,20.68,21.1,21.1,89376165.0,0.405,0.595,0.0,0.8519
2018-03-07,21.7,22.17,21.45,22.15,22.15,75109455.0,0.405,0.595,0.0,0.8519
2018-03-05,22.16,22.52,21.95,22.22,22.22,57356535.0,1.0,0.0,0.0,0.0
2018-03-01,23.0,23.24,22.0,22.06,22.06,103284015.0,0.853,0.0,0.147,-0.2263
2018-02-28,23.5,23.68,22.81,22.87,22.87,91044870.0,1.0,0.0,0.0,0.0
2018-02-21,22.4,22.65,22.21,22.22,22.22,48294735.0,0.82,0.18,0.0,0.296
2018-02-14,21.39,21.74,21.23,21.49,21.49,59261145.0,0.53,0.0,0.47,-0.7964
2018-02-02,23.23,23.46,22.7,22.92,22.92,55572540.0,0.798,0.202,0.0,0.765
2018-02-01,23.4,23.98,23.24,23.28,23.28,62965305.0,1.0,0.0,0.0,0.0
2018-01-29,22.66,23.39,22.55,23.3,23.3,71207235.0,0.6373333333333333,0.3626666666666667,0.0,0.27446666666666664
2018-01-25,23.22,23.28,22.43,22.51,22.51,101104545.0,0.734,0.266,0.0,0.44425
2018-01-23,24.0,24.03,23.4,23.52,23.52,81981210.0,0.9045000000000001,0.0955,0.0,0.2553
2018-01-19,23.0,23.37,22.84,23.33,23.33,73324545.0,0.63,0.37,0.0,0.5313
2018-01-18,23.04,23.49,22.92,22.97,22.97,85287675.0,0.514,0.313,0.173,0.6121
2018-01-12,22.58,22.69,22.24,22.41,22.41,72375885.0,0.428,0.572,0.0,0.9136
2018-01-10,22.15,22.47,22.0,22.32,22.32,64648890.0,0.889,0.111,0.0,0.25
2018-01-09,22.34,22.59,21.83,22.25,22.25,107199465.0,1.0,0.0,0.0,0.0
2018-01-04,20.86,21.24,20.38,20.97,20.97,149194560.0,1.0,0.0,0.0,0.0
2017-12-29,21.08,21.09,20.67,20.76,20.76,56657325.0,0.874,0.126,0.0,0.3818
2017-12-28,20.78,21.05,20.64,21.02,21.02,64745205.0,1.0,0.0,0.0,0.0
2017-12-21,21.97,22.25,21.81,22.11,22.11,65778330.0,0.762,0.238,0.0,0.6486
2017-12-20,22.18,22.21,21.67,21.93,21.93,89307000.0,0.769,0.231,0.0,0.2023
2017-12-19,22.68,22.77,22.02,22.07,22.07,102374565.0,0.729,0.097,0.173,-0.3612
2017-12-15,22.8,22.93,22.38,22.9,22.9,103997985.0,0.7,0.3,0.0,0.743
2017-12-14,22.73,23.16,22.46,22.53,22.53,86998740.0,0.682,0.318,0.0,0.4215
2017-12-08,20.97,21.13,20.75,21.01,21.01,52026870.0,0.664,0.336,0.0,0.8225
2017-12-05,20.13,20.53,20.07,20.25,20.25,69697800.0,1.0,0.0,0.0,0.0
2017-12-01,20.36,20.69,20.34,20.44,20.44,64393020.0,1.0,0.0,0.0,0.0
2017-11-27,20.88,21.16,20.63,21.12,21.12,68338410.0,1.0,0.0,0.0,0.0
2017-11-22,21.12,21.16,20.79,20.84,20.84,73764540.0,0.786,0.214,0.0,0.5994
2017-11-20,20.92,21.03,20.32,20.58,20.58,123714750.0,0.707,0.136,0.158,-0.1027
2017-11-14,21.0,21.09,20.46,20.58,20.58,85141140.0,0.63,0.0,0.37,-0.5719
2017-11-10,20.17,20.56,20.12,20.2,20.2,69381435.0,0.921,0.0,0.079,-0.24695
2017-11-01,22.15,22.17,21.35,21.41,21.41,126860040.0,1.0,0.0,0.0,0.0
2017-10-27,21.32,21.64,21.11,21.39,21.39,104695560.0,1.0,0.0,0.0,0.0
2017-10-19,23.7,23.81,23.21,23.45,23.45,75927645.0,0.658,0.0,0.342,-0.6369
2017-10-16,23.58,23.63,23.14,23.37,23.37,80632290.0,1.0,0.0,0.0,0.0
2017-10-13,23.8,23.9,23.58,23.7,23.7,53107995.0,0.821,0.0,0.179,-0.5719
2017-10-11,23.59,23.84,23.41,23.64,23.64,67512465.0,0.87,0.0,0.13,-0.2732
2017-10-02,22.83,22.91,22.37,22.77,22.77,79301610.0,0.777,0.112,0.112,0.0
2017-09-29,22.79,22.98,22.57,22.74,22.74,76606230.0,0.794,0.206,0.0,0.3243
2017-09-27,23.33,23.43,22.7,22.73,22.73,90904950.0,0.833,0.167,0.0,0.5267
2017-09-26,23.4,23.42,22.73,23.02,23.02,107344110.0,0.772,0.116,0.113,0.2732
2017-09-25,23.54,23.83,22.86,23.0,23.0,114089190.0,0.541,0.261,0.198,0.1779
2017-09-22,24.43,24.66,23.39,23.41,23.41,122391270.0,1.0,0.0,0.0,0.0
2017-09-19,25.33,25.49,24.9,25.01,25.01,96778290.0,0.7424999999999999,0.2575,0.0,0.3243
2017-09-18,25.35,25.97,25.18,25.67,25.67,107819700.0,0.652,0.348,0.0,0.8625
2017-09-15,24.97,25.33,24.85,25.32,25.32,81307440.0,0.52,0.234,0.246,-0.046
2017-09-14,24.29,25.2,24.18,25.18,25.18,108037860.0,0.78,0.1155,0.1045,-0.03899999999999998
2017-09-12,24.3,24.58,24.03,24.18,24.18,89593605.0,0.458,0.542,0.0,0.7269
2017-09-07,23.07,23.5,22.9,23.37,23.37,63588195.0,1.0,0.0,0.0,0.0
2017-08-30,23.31,23.56,23.13,23.55,23.55,51194145.0,0.849,0.151,0.0,0.5423
2017-08-28,23.15,23.16,22.65,23.04,23.04,56459340.0,1.0,0.0,0.0,0.0
2017-08-24,23.5,23.78,23.32,23.53,23.53,68770305.0,1.0,0.0,0.0,0.0
2017-08-22,22.74,22.82,22.49,22.76,22.76,64829490.0,0.783,0.217,0.0,0.5574
2017-08-18,23.53,23.6,23.05,23.16,23.16,81122745.0,0.428,0.572,0.0,0.9136
2017-08-16,24.2,24.43,24.17,24.19,24.19,51206595.0,0.735,0.265,0.0,0.5574
2017-08-11,23.8,24.08,23.57,23.86,23.86,65486745.0,0.305,0.488,0.207,0.5574
2017-08-09,24.07,24.67,23.93,24.24,24.24,103381440.0,0.73,0.27,0.0,0.44115000000000004
2017-08-02,21.26,21.81,20.75,21.73,21.73,196371930.0,0.662,0.199,0.14,0.2023
2017-08-01,21.53,21.63,21.08,21.3,21.3,124546530.0,1.0,0.0,0.0,0.0
2017-07-31,22.37,22.77,21.4,21.56,21.56,128027040.0,0.918,0.082,0.0,0.3612
2017-07-28,22.46,22.64,22.17,22.34,22.34,73206210.0,0.563,0.278,0.1585,0.17515
2017-07-26,22.69,23.03,22.54,22.92,22.92,72311850.0,1.0,0.0,0.0,0.0
2017-07-25,23.0,23.04,22.28,22.64,22.64,104837955.0,0.909,0.091,0.0,0.0772
2017-07-24,22.02,22.89,22.0,22.83,22.83,129556230.0,0.9219999999999999,0.078,0.0,0.3062
2017-07-19,21.88,22.11,21.55,21.68,21.68,95355210.0,0.722,0.278,0.0,0.6124
2017-07-18,21.17,21.94,21.04,21.88,21.88,95605800.0,0.651,0.349,0.0,0.7096
2017-07-12,22.03,22.21,21.63,21.97,21.97,155191905.0,1.0,0.0,0.0,0.0
2017-07-07,20.9,21.13,20.49,20.88,20.88,212653725.0,1.0,0.0,0.0,0.0
2017-07-06,21.15,21.39,20.42,20.59,20.59,289867425.0,0.5586666666666666,0.11366666666666665,0.328,-0.3044666666666666
2017-06-29,24.71,24.73,23.61,24.05,24.05,123315570.0,1.0,0.0,0.0,0.0
2017-06-19,25.0,25.11,24.52,24.65,24.65,98239980.0,1.0,0.0,0.0,0.0
2017-06-16,25.2,25.2,24.67,24.76,24.76,100964595.0,0.619,0.23399999999999999,0.147,0.0
2017-06-12,23.87,24.3,23.37,23.93,23.93,157764900.0,0.8476666666666667,0.15233333333333335,0.0,0.31070000000000003
2017-06-09,24.96,25.12,23.65,23.82,23.82,258921525.0,0.826,0.174,0.0,0.2732
2017-06-08,24.25,24.79,24.01,24.67,24.67,135922440.0,0.629,0.189,0.182,0.0258
2017-06-07,23.76,24.03,23.68,23.98,23.98,140969385.0,1.0,0.0,0.0,0.0
2017-06-06,22.98,23.97,22.66,23.52,23.52,166301970.0,0.722,0.278,0.0,0.4019
2017-05-30,21.73,22.42,21.72,22.34,22.34,116743740.0,0.791,0.209,0.0,0.4404
2017-05-23,20.7,20.72,20.23,20.26,20.26,64775310.0,0.8205,0.1355,0.044,0.14845
2017-05-22,20.85,20.96,20.45,20.69,20.69,64937670.0,0.816,0.0,0.184,-0.2023
2017-05-17,20.96,20.98,20.37,20.41,20.41,100679100.0,1.0,0.0,0.0,0.0
2017-05-16,21.17,21.34,21.01,21.13,21.13,62287260.0,0.857,0.0,0.143,-0.25
2017-05-10,21.44,21.7,21.21,21.68,21.68,86124105.0,0.841,0.159,0.0,0.1779
2017-05-08,20.73,20.92,20.39,20.48,20.48,105097065.0,0.843,0.096,0.062,0.1531
2017-05-05,19.87,20.57,19.79,20.56,20.56,122660205.0,0.725,0.275,0.0,0.6901
2017-05-02,21.6,21.84,21.1,21.26,21.26,80741655.0,0.845,0.155,0.0,0.296
2017-04-28,20.66,20.99,20.53,20.94,20.94,67582170.0,0.759,0.0,0.241,-0.2263
2017-04-26,20.82,20.97,20.6,20.68,20.68,70425660.0,1.0,0.0,0.0,0.0
2017-04-25,20.53,20.93,20.39,20.92,20.92,101034885.0,1.0,0.0,0.0,0.0
2017-04-19,20.16,20.44,20.14,20.37,20.37,58470360.0,1.0,0.0,0.0,0.0
2017-04-13,19.78,20.49,19.69,20.27,20.27,139269510.0,0.6755,0.3245,0.0,0.6797
2017-04-12,20.42,20.56,19.75,19.79,19.79,90760230.0,0.7875,0.2125,0.0,0.3753
2017-04-11,20.89,20.9,20.37,20.58,20.58,85868655.0,0.714,0.0,0.286,-0.5859
2017-04-10,20.61,20.92,20.58,20.83,20.83,114966870.0,1.0,0.0,0.0,0.0
2017-04-05,20.14,20.33,19.61,19.67,19.67,118214070.0,1.0,0.0,0.0,0.0
2017-03-30,18.54,18.8,18.48,18.53,18.53,62226390.0,0.722,0.278,0.0,0.4019
2017-03-28,18.47,18.71,18.33,18.5,18.5,119814060.0,0.28,0.393,0.327,0.1779
2017-03-27,17.37,18.04,17.32,18.01,18.01,93461925.0,1.0,0.0,0.0,0.0
2017-03-23,17.03,17.18,16.89,16.99,16.99,49803675.0,0.833,0.167,0.0,0.34
2017-03-22,16.77,17.0,16.7,17.0,17.0,60889455.0,0.851,0.0,0.149,-0.1027
2017-03-21,17.52,17.65,16.68,16.71,16.71,103628310.0,0.833,0.167,0.0,0.3818
2017-03-13,16.29,16.46,16.19,16.41,16.41,45339375.0,1.0,0.0,0.0,0.0
2017-03-08,16.47,16.67,16.35,16.46,16.46,55929735.0,0.825,0.175,0.0,0.34
2017-03-02,16.65,16.89,16.55,16.7,16.7,50277495.0,1.0,0.0,0.0,0.0
2017-02-27,16.54,16.56,16.13,16.42,16.42,171912150.0,0.672,0.127,0.201,-0.4588
2017-02-24,16.84,17.22,16.68,17.13,17.13,122574390.0,0.683,0.317,0.0,0.51315
2017-02-23,17.6,17.64,17.04,17.07,17.07,223728735.0,1.0,0.0,0.0,0.0
2017-02-22,18.69,18.9,18.17,18.23,18.23,131324625.0,0.738,0.0,0.262,-0.2553
2017-02-16,18.51,18.67,17.9,17.93,17.93,106159830.0,0.8146666666666667,0.09866666666666668,0.08666666666666667,0.05126666666666666
2017-02-15,18.67,18.82,18.43,18.65,18.65,74217840.0,0.784,0.216,0.0,0.296
2017-02-13,18.05,18.72,18.03,18.71,18.71,105444075.0,0.533,0.0,0.467,-0.5423
2017-02-10,17.99,18.06,17.74,17.95,17.95,54296085.0,0.7685,0.0,0.2315,-0.44620000000000004
2017-02-08,17.16,17.56,17.08,17.47,17.47,58995210.0,0.9205,0.0795,0.0,0.08895
2017-02-07,17.21,17.33,17.09,17.17,17.17,63671625.0,0.793,0.207,0.0,0.34
2017-02-03,16.79,16.81,16.65,16.76,16.76,32800845.0,0.7645,0.137,0.0985,0.07655
2017-02-01,16.87,16.88,16.6,16.62,16.62,59382435.0,0.9225,0.0775,0.0,0.148
2017-01-31,16.62,17.06,16.51,16.8,16.8,61741560.0,0.835,0.12133333333333333,0.043666666666666666,0.21286666666666668
2017-01-27,16.76,16.87,16.57,16.86,16.86,47495040.0,0.714,0.188,0.097,0.34
2017-01-25,17.15,17.23,16.79,16.96,16.96,77195415.0,1.0,0.0,0.0,0.0
2017-01-24,16.67,16.99,16.64,16.97,16.97,74481765.0,0.7985,0.2015,0.0,0.32985
2017-01-19,16.48,16.58,16.05,16.25,16.25,115984545.0,0.855,0.145,0.0,0.296
2017-01-18,15.78,15.98,15.71,15.89,15.89,56534505.0,0.7130000000000001,0.287,0.0,0.76595
2017-01-17,15.78,16.0,15.62,15.71,15.71,69262830.0,0.784,0.216,0.0,0.7003
2017-01-13,15.33,15.86,15.31,15.85,15.85,91394400.0,1.0,0.0,0.0,0.0
2017-01-12,15.27,15.38,15.04,15.31,15.31,56853435.0,0.855,0.145,0.0,0.5267
2017-01-11,15.27,15.33,15.11,15.32,15.32,54762375.0,1.0,0.0,0.0,0.0
2017-01-05,15.09,15.17,14.8,15.12,15.12,88675425.0,0.7865,0.2135,0.0,0.4524
2016-12-28,14.77,14.92,14.48,14.65,14.65,56736840.0,0.816,0.184,0.0,0.4019
2016-12-22,13.88,14.0,13.77,13.9,13.9,46666620.0,0.857,0.143,0.0,0.3612
2016-12-21,13.9,14.15,13.83,13.85,13.85,78114330.0,0.758,0.11,0.133,-0.1531
2016-12-16,13.21,13.51,13.17,13.5,13.5,56953335.0,0.846,0.0,0.154,-0.25
2016-12-15,13.23,13.38,13.16,13.17,13.17,48293505.0,0.866,0.134,0.0,0.1779
2016-12-13,12.88,13.42,12.87,13.21,13.21,102358260.0,0.8414999999999999,0.0835,0.075,-0.011099999999999999
2016-12-06,12.37,12.44,12.18,12.39,12.39,50874330.0,0.811,0.092,0.097,-0.0258
2016-12-05,12.17,12.59,12.17,12.45,12.45,61083585.0,0.897,0.0,0.103,-0.128
2016-12-02,12.19,12.33,12.0,12.1,12.1,60634860.0,1.0,0.0,0.0,0.0
2016-11-29,13.04,13.12,12.63,12.64,12.64,66588840.0,1.0,0.0,0.0,0.0
2016-11-28,13.03,13.29,12.97,13.07,13.07,67937730.0,1.0,0.0,0.0,0.0
2016-11-18,12.71,12.87,12.33,12.33,12.33,78155205.0,0.885,0.0,0.115,-0.0772
2016-11-17,12.23,12.63,12.14,12.58,12.58,73306005.0,0.8869999999999999,0.11299999999999999,0.0,0.13435999999999998
2016-11-14,12.53,12.55,11.88,12.1,12.1,98283075.0,0.938,0.062,0.0,0.08895
2016-11-09,12.46,12.8,12.26,12.67,12.67,122595975.0,0.862,0.138,0.0,0.34
2016-11-04,12.6,12.9,12.4,12.7,12.7,77190645.0,0.667,0.0,0.333,-0.6705
2016-11-03,12.6,12.76,12.47,12.49,12.49,39795345.0,0.602,0.259,0.139,0.25
2016-11-02,12.67,12.85,12.5,12.53,12.53,63800730.0,1.0,0.0,0.0,0.0
2016-10-28,13.6,13.69,13.32,13.33,13.33,64202115.0,0.7645,0.147,0.088,0.125
2016-10-27,14.09,14.25,13.44,13.6,13.6,196406160.0,0.8673333333333333,0.13266666666666668,0.0,0.29746666666666666
2016-10-26,13.4,13.55,13.34,13.48,13.48,84492615.0,0.8099999999999999,0.13433333333333333,0.05566666666666667,0.0353
2016-10-25,13.53,13.65,13.41,13.49,13.49,36675210.0,1.0,0.0,0.0,0.0
2016-10-18,13.07,13.3,12.88,13.27,13.27,85207125.0,0.7600000000000001,0.24,0.0,0.4764333333333333
2016-10-12,13.4,13.59,13.36,13.43,13.43,29560335.0,1.0,0.0,0.0,0.0
2016-10-11,13.46,13.48,13.22,13.34,13.34,34926330.0,1.0,0.0,0.0,0.0
2016-10-07,13.4,13.42,13.05,13.11,13.11,52395270.0,0.8685,0.0905,0.041,0.1806
2016-09-29,13.71,13.82,13.37,13.38,13.38,40905435.0,0.811,0.189,0.0,0.4939
2016-09-28,13.83,13.88,13.68,13.75,13.75,31325610.0,1.0,0.0,0.0,0.0
2016-09-27,13.98,14.0,13.64,13.72,13.72,50597700.0,0.8700000000000001,0.062,0.06799999999999999,0.05856666666666668
2016-09-26,13.77,14.07,13.77,13.93,13.93,35915370.0,0.9323333333333333,0.06766666666666667,0.0,0.14049999999999999
2016-09-23,13.73,14.01,13.71,13.83,13.83,43578435.0,0.597,0.259,0.144,0.3182
2016-09-22,13.76,13.82,13.53,13.76,13.76,35743530.0,0.483,0.255,0.262,0.2263
2016-09-21,13.76,13.8,13.44,13.68,13.68,39502545.0,0.656,0.344,0.0,0.6369
2016-09-19,13.8,13.96,13.67,13.76,13.76,34492470.0,1.0,0.0,0.0,0.0
2016-09-16,13.36,13.71,13.27,13.69,13.69,46617120.0,0.854,0.146,0.0,0.34
2016-09-14,13.05,13.19,12.99,13.09,13.09,33888465.0,1.0,0.0,0.0,0.0
2016-09-13,13.14,13.23,12.9,13.07,13.07,53840685.0,1.0,0.0,0.0,0.0
2016-09-08,13.3,13.33,13.09,13.16,13.16,50669190.0,0.6326666666666667,0.18000000000000002,0.18733333333333335,0.0005999999999999709
2016-09-07,13.7,13.77,13.38,13.45,13.45,54613845.0,0.787,0.0,0.213,-0.4019
2016-09-02,13.49,13.55,13.08,13.19,13.19,89661195.0,0.9135,0.0,0.0865,-0.1591
2016-08-30,14.41,14.41,14.03,14.09,14.09,47532930.0,0.7486666666666667,0.08600000000000001,0.165,-0.3675
2016-08-26,14.81,14.86,14.59,14.67,14.67,33584880.0,1.0,0.0,0.0,0.0
2016-08-23,14.95,15.23,14.85,14.99,14.99,71766270.0,0.9326666666666666,0.06733333333333334,0.0,0.17020000000000002
2016-08-22,14.94,15.01,14.85,14.86,14.86,30982395.0,1.0,0.0,0.0,0.0
2016-08-17,14.96,14.99,14.85,14.88,14.88,26806905.0,1.0,0.0,0.0,0.0
2016-08-15,15.07,15.3,15.0,15.04,15.04,30514920.0,0.8320000000000001,0.168,0.0,0.3825
2016-08-12,15.03,15.11,14.94,15.04,15.04,27203100.0,0.748,0.252,0.0,0.4019
2016-08-11,15.08,15.17,14.89,14.99,14.99,28214040.0,1.0,0.0,0.0,0.0
2016-08-09,15.12,15.44,15.11,15.27,15.27,33117495.0,0.788,0.212,0.0,0.4976
2016-08-04,15.05,15.39,14.8,15.37,15.37,62204955.0,1.0,0.0,0.0,0.0
2016-08-02,15.29,15.32,14.76,15.15,15.15,59016480.0,0.7000000000000001,0.27133333333333337,0.028666666666666663,0.6154333333333334
2016-07-29,15.38,15.69,15.35,15.65,15.65,46062195.0,1.0,0.0,0.0,0.0
2016-07-28,15.2,15.38,15.11,15.37,15.37,36285885.0,0.7785,0.2215,0.0,0.52565
2016-07-27,15.29,15.56,15.13,15.23,15.23,43335105.0,1.0,0.0,0.0,0.0
2016-07-26,15.18,15.33,15.02,15.3,15.3,51450630.0,0.845,0.155,0.0,0.296
2016-07-25,14.82,15.43,14.76,15.33,15.33,67360245.0,0.8045,0.1955,0.0,0.3953
2016-07-22,14.8,14.97,14.59,14.82,14.82,38695380.0,1.0,0.0,0.0,0.0
2016-07-18,14.64,15.14,14.55,15.08,15.08,51180825.0,0.845,0.155,0.0,0.296
2016-07-14,14.87,15.0,14.74,14.77,14.77,40137510.0,0.844,0.0,0.156,-0.34
2016-07-12,14.94,15.17,14.88,14.98,14.98,68642475.0,0.8049999999999999,0.195,0.0,0.4037
2016-07-05,13.98,14.3,13.87,14.27,14.27,77630175.0,0.8845000000000001,0.0,0.1155,-0.32985
2016-06-29,13.68,14.12,13.53,14.01,14.01,89923620.0,1.0,0.0,0.0,0.0
2016-06-28,13.46,13.6,13.29,13.45,13.45,93186330.0,0.71,0.213,0.077,0.5106
2016-06-24,12.67,13.01,12.65,12.88,12.88,105397740.0,0.852,0.148,0.0,0.3818
2016-06-23,13.05,13.17,12.81,13.09,13.09,151961220.0,0.714,0.101,0.185,-0.34
2016-06-22,13.3,13.73,13.05,13.11,13.11,356136210.0,0.6429999999999999,0.137,0.22,-0.02970000000000002
2016-06-21,14.71,14.84,14.59,14.64,14.64,67935075.0,0.448,0.552,0.0,0.5719
2016-06-20,14.63,14.92,14.55,14.65,14.65,53332065.0,0.765,0.1755,0.0595,0.21985000000000002
2016-06-16,14.49,14.54,14.23,14.53,14.53,36603885.0,0.859,0.141,0.0,0.3182
2016-06-15,14.46,14.79,14.34,14.51,14.51,43627830.0,0.828,0.172,0.0,0.4019
2016-06-14,14.59,14.81,14.17,14.33,14.33,53702505.0,0.704,0.296,0.0,0.743
2016-06-09,15.67,15.69,15.14,15.29,15.29,67381125.0,1.0,0.0,0.0,0.0
2016-06-03,14.67,14.8,14.53,14.6,14.6,33434550.0,1.0,0.0,0.0,0.0
2016-06-02,14.64,14.66,14.47,14.6,14.6,30492480.0,0.647,0.173,0.18,-0.0243
2016-06-01,14.77,14.83,14.46,14.64,14.64,44740425.0,0.706,0.294,0.0,0.3612
2016-05-27,15.0,15.06,14.72,14.87,14.87,54754080.0,0.385,0.269,0.346,-0.1531
2016-05-25,14.53,14.76,14.43,14.64,14.64,46989225.0,1.0,0.0,0.0,0.0
2016-05-23,14.66,14.84,14.39,14.41,14.41,76537185.0,0.808,0.0,0.192,-0.2263
2016-05-20,14.47,14.7,14.42,14.69,14.69,135106140.0,1.0,0.0,0.0,0.0
2016-05-18,13.94,14.35,13.85,14.08,14.08,84262785.0,0.497,0.292,0.211,0.0772
2016-05-16,13.88,14.21,13.86,13.89,13.89,44240940.0,0.871,0.0,0.129,-0.3353
2016-05-10,13.84,13.96,13.67,13.91,13.91,61059255.0,1.0,0.0,0.0,0.0
2016-05-06,14.06,14.42,13.87,14.33,14.33,85278555.0,0.699,0.156,0.145,0.0516
2016-05-04,15.35,15.63,14.69,14.84,14.84,130506885.0,0.845,0.0615,0.093,-0.03555
2016-05-03,15.82,15.93,15.44,15.49,15.49,64533330.0,0.476,0.338,0.186,0.6705
2016-05-02,16.1,16.21,15.65,16.12,16.12,57659025.0,0.746,0.254,0.0,0.1779
2016-04-28,16.66,16.9,16.5,16.51,16.51,37784850.0,0.6890000000000001,0.311,0.0,0.58605
2016-04-27,16.85,17.0,16.63,16.76,16.76,48087120.0,1.0,0.0,0.0,0.0
2016-04-26,16.8,17.05,16.63,16.92,16.92,48357585.0,0.839,0.161,0.0,0.3182
2016-04-25,16.87,17.16,16.72,16.79,16.79,55055220.0,1.0,0.0,0.0,0.0
2016-04-22,16.59,16.93,16.38,16.92,16.92,56794905.0,0.603,0.156,0.241,0.0772
2016-04-20,16.42,16.91,16.1,16.66,16.66,77910765.0,0.5815,0.3075,0.1105,0.40085
2016-04-19,16.87,16.96,16.08,16.49,16.49,95362890.0,0.769,0.231,0.0,0.5106
2016-04-18,16.82,17.22,16.78,16.93,16.93,64070430.0,0.5375,0.3895,0.073,0.25434999999999997
2016-04-07,17.76,17.96,16.97,17.15,17.15,132842565.0,1.0,0.0,0.0,0.0
2016-04-06,16.93,17.85,16.9,17.69,17.69,175582185.0,1.0,0.0,0.0,0.0
2016-04-05,16.03,17.1,16.0,17.03,17.03,149230485.0,1.0,0.0,0.0,0.0
2016-03-31,15.29,15.83,15.0,15.32,15.32,120193080.0,0.825,0.175,0.0,0.34
2016-03-30,15.67,15.7,15.1,15.13,15.13,60494730.0,1.0,0.0,0.0,0.0
2016-03-29,15.33,15.49,15.02,15.34,15.34,60214950.0,1.0,0.0,0.0,0.0
2016-03-24,14.39,15.26,14.33,15.18,15.18,74413500.0,0.8755,0.1245,0.0,0.3021
2016-03-23,15.49,15.65,14.8,14.84,14.84,74232615.0,1.0,0.0,0.0,0.0
2016-03-22,15.81,15.93,15.5,15.62,15.62,64739820.0,0.833,0.167,0.0,0.34
2016-03-18,15.27,15.63,15.2,15.52,15.52,70676895.0,1.0,0.0,0.0,0.0
2016-03-17,14.76,15.23,14.67,15.09,15.09,56743365.0,0.825,0.175,0.0,0.1779
2016-03-15,14.28,14.6,14.1,14.56,14.56,47706780.0,0.82,0.18,0.0,0.296
2016-03-14,14.18,14.45,14.04,14.34,14.34,60985590.0,0.868,0.132,0.0,0.4404
2016-03-08,13.57,13.83,13.48,13.51,13.51,62680395.0,0.506,0.367,0.127,0.5859
2016-03-04,13.2,13.6,13.17,13.4,13.4,97335870.0,0.855,0.145,0.0,0.296
2016-03-02,12.25,12.57,12.1,12.56,12.56,72935940.0,1.0,0.0,0.0,0.0
2016-03-01,12.95,13.06,12.18,12.42,12.42,100682385.0,0.669,0.105,0.226,-0.4404
2016-02-29,12.83,13.09,12.61,12.8,12.8,67484955.0,1.0,0.0,0.0,0.0
2016-02-26,12.58,12.8,12.33,12.69,12.69,90976755.0,0.8055,0.1945,0.0,0.6145
2016-02-24,11.52,11.97,11.19,11.93,11.93,80934135.0,0.815,0.185,0.0,0.3859
2016-02-22,11.34,11.93,11.32,11.85,11.85,75900765.0,1.0,0.0,0.0,0.0
2016-02-18,11.49,11.53,10.98,11.12,11.12,58313610.0,0.7695000000000001,0.205,0.0255,0.215075
2016-02-12,10.33,10.47,9.58,10.07,10.07,108536745.0,0.455,0.0,0.545,-0.5574
2016-02-11,10.13,10.88,9.8,10.03,10.03,213785460.0,1.0,0.0,0.0,0.0
2016-02-08,10.47,10.48,9.73,9.87,9.87,139694820.0,1.0,0.0,0.0,0.0
2016-02-05,11.42,11.53,10.52,10.84,10.84,141563865.0,1.0,0.0,0.0,0.0
2016-02-04,11.38,11.73,11.13,11.69,11.69,65780490.0,0.8915,0.1085,0.0,0.2787
2016-02-02,12.83,12.87,12.02,12.19,12.19,86604555.0,0.9239999999999999,0.0,0.076,-0.111225
2016-02-01,12.58,13.3,12.18,13.13,13.13,79464585.0,0.8593333333333333,0.1406666666666667,0.0,0.3263
2016-01-28,12.72,12.75,12.16,12.65,12.65,68891310.0,0.823,0.0935,0.0835,0.10774999999999998
2016-01-22,13.65,13.7,13.27,13.5,13.5,46860825.0,1.0,0.0,0.0,0.0
2016-01-21,13.44,13.55,13.0,13.33,13.33,47492385.0,0.536,0.464,0.0,0.3818
2016-01-20,13.29,13.42,12.75,13.25,13.25,87579120.0,0.912,0.0,0.088,-0.34
2016-01-19,13.91,14.03,13.39,13.65,13.65,60580140.0,1.0,0.0,0.0,0.0
2016-01-14,13.48,14.0,12.89,13.75,13.75,97361115.0,0.621,0.23,0.149,0.0772
2016-01-12,14.11,14.25,13.69,14.0,14.0,46378755.0,1.0,0.0,0.0,0.0
2016-01-11,14.27,14.3,13.53,13.86,13.86,61371330.0,0.833,0.167,0.0,0.296
2016-01-08,14.52,14.7,14.05,14.07,14.07,54420870.0,1.0,0.0,0.0,0.0
2016-01-06,14.67,14.67,14.4,14.6,14.6,56686920.0,0.919,0.0,0.081,-0.128
2016-01-05,15.09,15.13,14.67,14.9,14.9,47801280.0,1.0,0.0,0.0,0.0
2016-01-04,15.38,15.43,14.6,14.89,14.89,102407190.0,0.737,0.263,0.0,0.3612
2015-12-31,15.9,16.23,15.89,16.0,16.0,40725570.0,0.8295,0.0,0.1705,-0.36755
2015-12-30,15.77,16.24,15.71,15.87,15.87,55468815.0,1.0,0.0,0.0,0.0
2015-12-29,15.34,15.85,15.3,15.81,15.81,36094350.0,1.0,0.0,0.0,0.0
2015-12-28,15.43,15.47,15.04,15.26,15.26,28519560.0,1.0,0.0,0.0,0.0
2015-12-24,15.37,15.46,15.22,15.37,15.37,10654155.0,1.0,0.0,0.0,0.0
2015-12-23,15.48,15.56,15.21,15.31,15.31,23324685.0,0.6785,0.1,0.2215,-0.26335
2015-12-21,15.45,15.72,15.41,15.5,15.5,29297610.0,0.7785,0.2215,0.0,0.54025
2015-12-18,15.53,15.73,15.29,15.36,15.36,45212550.0,0.9139999999999999,0.086,0.0,0.20095
2015-12-10,14.98,15.23,14.91,15.14,15.14,31075380.0,0.833,0.167,0.0,0.4215
2015-12-04,15.5,15.55,15.18,15.36,15.36,38604045.0,1.0,0.0,0.0,0.0
2015-12-02,15.8,15.91,15.42,15.47,15.47,44722020.0,1.0,0.0,0.0,0.0
2015-12-01,15.4,15.87,15.4,15.81,15.81,56009325.0,0.778,0.222,0.0,0.36755
2015-11-25,14.76,15.39,14.69,15.31,15.31,59861685.0,0.783,0.217,0.0,0.5574
2015-11-24,14.36,14.73,14.33,14.55,14.55,37204395.0,0.686,0.314,0.0,0.7506
2015-11-17,14.35,14.4,14.09,14.27,14.27,32230185.0,1.0,0.0,0.0,0.0
2015-11-12,14.52,14.6,14.18,14.2,14.2,43738500.0,1.0,0.0,0.0,0.0
2015-11-11,14.52,14.63,14.24,14.61,14.61,50217090.0,0.594,0.406,0.0,0.836
2015-11-10,14.9,14.91,14.41,14.43,14.43,69255105.0,0.8975,0.1025,0.0,0.2787
2015-11-04,15.13,15.52,15.01,15.44,15.44,190895490.0,0.693,0.307,0.0,0.7351
2015-10-30,14.03,14.11,13.59,13.8,13.8,66583515.0,1.0,0.0,0.0,0.0
2015-10-29,14.12,14.25,14.04,14.11,14.11,27075480.0,1.0,0.0,0.0,0.0
2015-10-27,14.32,14.47,13.83,14.02,14.02,52791735.0,0.656,0.23,0.115,0.4767
2015-10-23,14.33,14.36,13.85,13.94,13.94,63531930.0,0.588,0.412,0.0,0.7506
2015-10-21,14.13,14.32,13.92,14.01,14.01,62752065.0,0.75,0.25,0.0,0.25
2015-10-19,15.1,15.41,15.0,15.21,15.21,37618425.0,0.816,0.184,0.0,0.2023
2015-10-14,14.71,14.73,14.36,14.46,14.46,46566690.0,0.642,0.358,0.0,0.7717
2015-10-13,14.22,14.83,14.08,14.62,14.62,77573025.0,1.0,0.0,0.0,0.0
2015-10-09,14.73,14.96,14.56,14.71,14.71,92375550.0,1.0,0.0,0.0,0.0
2015-10-08,15.34,15.38,14.75,15.11,15.11,91998240.0,0.781,0.078,0.1405,0.0
2015-10-07,15.78,15.85,15.27,15.46,15.46,102209385.0,1.0,0.0,0.0,0.0
2015-10-05,16.59,16.66,16.28,16.41,16.41,55347975.0,0.8,0.2,0.0,0.4588
2015-09-30,16.8,16.83,16.16,16.56,16.56,73943730.0,0.791,0.209,0.0,0.4404
2015-09-29,16.7,16.98,16.36,16.44,16.44,55547310.0,1.0,0.0,0.0,0.0
2015-09-28,17.16,17.32,16.44,16.56,16.56,73515855.0,1.0,0.0,0.0,0.0
2015-09-24,17.3,17.56,17.08,17.54,17.54,51722865.0,0.769,0.0,0.231,-0.4588
2015-09-18,17.2,17.59,17.17,17.37,17.37,56445960.0,0.8785000000000001,0.1215,0.0,0.27115
2015-09-17,17.6,17.7,17.38,17.47,17.47,53787180.0,0.769,0.231,0.0,0.5574
2015-09-04,16.06,16.27,15.88,16.13,16.13,55337295.0,1.0,0.0,0.0,0.0
2015-09-01,16.02,16.4,15.8,15.91,15.91,81821475.0,1.0,0.0,0.0,0.0
2015-08-27,15.4,16.32,15.39,16.2,16.2,114839385.0,0.7685,0.074,0.1575,-0.3062
2015-08-26,15.2,15.2,14.37,14.99,14.99,74445630.0,0.909,0.091,0.0,0.1027
2015-08-25,15.37,15.39,14.61,14.67,14.67,64909410.0,1.0,0.0,0.0,0.0
2015-08-24,13.52,15.43,13.0,14.59,14.59,143723775.0,0.833,0.167,0.0,0.4215
2015-08-21,15.73,16.25,15.37,15.38,15.38,98853510.0,0.659,0.341,0.0,0.7351
2015-08-17,17.04,17.11,16.7,17.0,17.0,107650350.0,1.0,0.0,0.0,0.0
2015-08-14,16.48,16.53,16.12,16.21,16.21,65472150.0,0.645,0.355,0.0,0.296
2015-08-13,15.99,16.43,15.94,16.17,16.17,70337730.0,0.634,0.254,0.113,0.4588
2015-08-12,15.67,15.98,15.52,15.88,15.88,56087355.0,1.0,0.0,0.0,0.0
2015-08-11,15.81,15.95,15.63,15.82,15.82,63974085.0,0.79,0.14525,0.06475,0.073275
2015-08-07,16.24,16.25,15.89,16.17,16.17,76100850.0,1.0,0.0,0.0,0.0
2015-08-06,16.64,17.0,15.74,16.41,16.41,219356310.0,1.0,0.0,0.0,0.0
2015-08-05,17.57,18.07,17.36,18.01,18.01,93214785.0,0.833,0.0,0.167,-0.1027
2015-08-04,17.33,17.78,17.22,17.75,17.75,35287950.0,0.426,0.574,0.0,0.8689
2015-08-03,17.75,17.78,17.14,17.33,17.33,38302110.0,0.8826666666666667,0.11733333333333333,0.0,0.28446666666666665
2015-07-31,17.84,17.96,17.67,17.74,17.74,33338280.0,0.6,0.4,0.0,0.875
2015-07-27,17.5,17.63,16.72,16.87,16.87,70412880.0,0.816,0.184,0.0,0.5574
2015-07-23,17.98,17.99,17.68,17.81,17.81,33408585.0,0.773,0.227,0.0,0.5719
2015-07-22,17.42,17.96,17.39,17.86,17.86,46574400.0,0.6685000000000001,0.1025,0.22899999999999998,-0.17515
2015-07-21,18.0,18.23,17.77,17.78,17.78,91630290.0,0.461,0.362,0.178,0.4215
2015-07-17,18.17,18.37,17.88,18.31,18.31,75061485.0,0.7745,0.151,0.074,0.21075
2015-07-16,17.61,17.81,17.54,17.78,17.78,24239415.0,0.879,0.121,0.0,0.296
2015-07-15,17.78,17.83,17.47,17.54,17.54,30324315.0,0.508,0.0,0.492,-0.4404
2015-07-10,17.48,17.53,17.19,17.28,17.28,39162870.0,0.8885000000000001,0.1115,0.0,0.1591
2015-07-02,18.68,18.83,18.22,18.67,18.67,107458950.0,0.7415,0.2585,0.0,0.47965
2015-06-30,17.65,18.06,17.6,17.88,17.88,46304025.0,0.923,0.077,0.0,0.23835
2015-06-23,17.35,17.87,17.24,17.84,17.84,58062270.0,0.8566666666666666,0.06133333333333333,0.08233333333333333,-0.08333333333333333
2015-06-22,17.48,17.63,17.05,17.32,17.32,68416185.0,1.0,0.0,0.0,0.0
2015-06-18,17.46,17.56,17.33,17.46,17.46,41740545.0,0.819,0.0,0.181,-0.26335
2015-06-17,16.81,17.62,16.8,17.36,17.36,82693800.0,0.753,0.247,0.0,0.7096
2015-06-15,16.65,16.75,16.4,16.69,16.69,32792625.0,1.0,0.0,0.0,0.0
2015-06-09,17.03,17.18,16.94,17.07,17.07,39167190.0,0.9099999999999999,0.09,0.0,0.19375
2015-06-01,16.75,16.77,16.5,16.63,16.63,37575855.0,1.0,0.0,0.0,0.0
2015-05-29,16.72,16.86,16.63,16.72,16.72,56839245.0,1.0,0.0,0.0,0.0
2015-05-27,16.57,16.63,16.37,16.5,16.5,51123000.0,1.0,0.0,0.0,0.0
2015-05-22,16.36,16.57,16.33,16.52,16.52,33346335.0,0.658,0.157,0.185,0.0
2015-05-21,16.21,16.44,16.16,16.37,16.37,29559645.0,0.383,0.617,0.0,0.9169
2015-05-19,16.56,16.73,16.41,16.48,16.48,55113465.0,0.886,0.114,0.0,0.2023
2015-05-18,16.46,16.66,16.4,16.58,16.58,50298180.0,0.9335,0.0665,0.0,0.1909
2015-05-14,16.32,16.33,16.08,16.27,16.27,43439040.0,1.0,0.0,0.0,0.0
2015-05-12,16.01,16.42,15.88,16.32,16.32,95451435.0,0.714,0.286,0.0,0.5574
2015-05-11,15.75,16.19,15.69,15.97,15.97,85083930.0,0.936,0.064,0.0,0.0258
2015-05-08,15.73,15.89,15.58,15.77,15.77,70023540.0,0.512,0.423,0.065,0.8271
2015-05-07,14.73,15.83,14.68,15.79,15.79,141838635.0,0.769,0.231,0.0,0.5106
2015-05-06,15.6,15.63,15.21,15.36,15.36,79063995.0,0.647,0.353,0.0,0.5597
2015-05-01,15.32,15.45,14.69,15.07,15.07,79225335.0,0.876,0.124,0.0,0.1779
2015-04-29,15.34,15.66,15.18,15.5,15.5,59041155.0,0.86,0.14,0.0,0.0772
2015-04-28,15.65,15.7,15.2,15.37,15.37,91280685.0,0.405,0.595,0.0,0.5267
2015-04-24,14.7,14.72,14.53,14.56,14.56,36417645.0,0.9626666666666667,0.0,0.037333333333333336,-0.07543333333333334
2015-04-23,14.54,14.77,14.48,14.57,14.57,66167760.0,1.0,0.0,0.0,0.0
2015-04-21,13.72,14.05,13.62,13.96,13.96,51488115.0,0.818,0.182,0.0,0.4404
2015-04-17,13.67,13.79,13.57,13.79,13.79,37048890.0,0.871,0.0835,0.0455,0.0
2015-04-14,13.9,13.97,13.7,13.83,13.83,45389445.0,1.0,0.0,0.0,0.0
2015-04-09,13.88,14.02,13.74,14.01,14.01,57003375.0,0.615,0.385,0.0,0.6124
2015-04-08,13.88,14.06,13.72,13.84,13.84,94546755.0,1.0,0.0,0.0,0.0
2015-04-07,13.5,13.67,13.41,13.55,13.55,65217960.0,0.739,0.261,0.0,0.5574
2015-04-01,12.58,12.82,12.4,12.51,12.51,56919315.0,0.795,0.205,0.0,0.5574
2015-03-30,12.6,12.82,12.12,12.7,12.7,151342740.0,1.0,0.0,0.0,0.0
2015-03-26,12.93,12.99,12.65,12.69,12.69,61919340.0,0.599,0.401,0.0,0.7717
2015-03-18,13.0,13.39,12.87,13.38,13.38,72314040.0,0.7995,0.2005,0.0,0.38585
2015-03-17,13.02,13.25,12.93,12.98,12.98,73410780.0,0.727,0.273,0.0,0.7184
2015-03-13,12.59,12.78,12.49,12.58,12.58,81514470.0,1.0,0.0,0.0,0.0
2015-03-11,12.74,13.08,12.73,12.92,12.92,74623065.0,1.0,0.0,0.0,0.0
2015-03-06,13.28,13.38,12.81,12.93,12.93,100686570.0,0.571,0.103,0.326,-0.5994
2015-03-03,13.12,13.35,13.02,13.3,13.3,66484935.0,0.838,0.162,0.0,0.4404
2015-02-27,13.8,13.9,13.52,13.56,13.56,58231260.0,1.0,0.0,0.0,0.0
2015-02-25,13.66,13.81,13.51,13.58,13.58,58642800.0,0.408,0.209,0.383,-0.5267
2015-02-24,13.82,13.82,13.45,13.61,13.61,99053400.0,0.625,0.375,0.0,0.8126
2015-02-23,14.33,14.55,13.76,13.82,13.82,127496625.0,0.674,0.155,0.171,-0.0772
2015-02-20,14.05,14.51,13.99,14.47,14.47,89731335.0,0.526,0.184,0.289,-0.2023
2015-02-19,13.67,14.16,13.58,14.11,14.11,77312220.0,0.694,0.306,0.0,0.6486
2015-02-17,13.51,13.71,13.43,13.62,13.62,59694705.0,0.69,0.31,0.0,0.5574
2015-02-12,12.9,13.54,12.89,13.53,13.53,234744105.0,0.707,0.2405,0.0525,0.48945
2015-02-11,14.15,14.32,13.82,14.19,14.19,146536530.0,0.6868333333333334,0.2663333333333333,0.04683333333333334,0.45976666666666666
2015-02-09,14.36,14.53,14.13,14.5,14.5,52086345.0,0.655,0.345,0.0,0.891
2015-02-05,14.66,15.03,14.64,14.73,14.73,52844205.0,0.756,0.244,0.0,0.7003
2015-02-04,14.55,14.77,14.45,14.57,14.57,49580655.0,1.0,0.0,0.0,0.0
2015-02-03,14.21,14.69,14.08,14.56,14.56,72393660.0,0.8845000000000001,0.1155,0.0,0.2787
2015-01-30,13.59,13.83,13.53,13.57,13.57,45104385.0,0.75875,0.159,0.08199999999999999,0.14575
2015-01-29,13.41,13.73,13.1,13.68,13.68,53221590.0,0.8965000000000001,0.1035,0.0,0.26335
2015-01-28,13.75,13.76,13.23,13.29,13.29,47244090.0,0.70775,0.29225,0.0,0.621275
2015-01-27,13.63,13.87,13.55,13.73,13.73,41715360.0,0.775,0.225,0.0,0.4404
2015-01-26,13.43,13.91,13.4,13.77,13.77,48517830.0,0.9430000000000001,0.0,0.057,-0.10115
2015-01-23,13.35,13.57,13.22,13.42,13.42,51635565.0,1.0,0.0,0.0,0.0
2015-01-22,13.13,13.55,13.01,13.44,13.44,61753575.0,0.903,0.09699999999999999,0.0,0.24503333333333333
2015-01-21,12.64,13.25,12.63,13.1,13.1,62295645.0,0.785,0.0485,0.1665,-0.11660000000000001
2015-01-16,12.71,12.97,12.64,12.87,12.87,54047370.0,1.0,0.0,0.0,0.0
2015-01-15,12.97,13.05,12.67,12.79,12.79,78247860.0,0.8200000000000001,0.18,0.0,0.353025
2015-01-08,14.19,14.25,14.0,14.04,14.04,51637635.0,0.821,0.0,0.179,-0.2997
2015-01-07,14.23,14.32,13.99,14.06,14.06,44525850.0,0.809,0.191,0.0,0.5106
2015-01-06,14.0,14.28,13.61,14.09,14.09,93929040.0,0.745,0.255,0.0,0.6705
2015-01-05,14.3,14.43,13.81,14.01,14.01,80527155.0,0.8029999999999999,0.197,0.0,0.2997
